{
    "root_group": {
        "name": "",
        "path": "",
        "id": "d41d8cd98f00b204e9800998ecf8427e",
        "groups": {},
        "checks": {
                "status is 200": {
                    "passes": 300,
                    "fails": 0,
                    "name": "status is 200",
                    "path": "::status is 200",
                    "id": "6210a8cd14cd70477eba5c5e4cb3fb5f"
                }
            }
    },
    "metrics": {
        "http_req_connecting": {
            "avg": 0.005155936666666666,
            "min": 0,
            "med": 0,
            "max": 0.198776,
            "p(90)": 0,
            "p(95)": 0
        },
        "vus_max": {
            "value": 10,
            "min": 10,
            "max": 10
        },
        "http_req_tls_handshaking": {
            "min": 0,
            "med": 0,
            "max": 0,
            "p(90)": 0,
            "p(95)": 0,
            "avg": 0
        },
        "data_received": {
            "count": 69000,
            "rate": 2289.695002108055
        },
        "http_req_duration{expected_response:true}": {
            "p(95)": 14.29260085,
            "avg": 3.624442813333333,
            "min": 0.243001,
            "med": 0.852611,
            "max": 64.400645,
            "p(90)": 3.569047200000007
        },
        "http_req_failed": {
            "fails": 300,
            "passes": 0,
            "value": 0
        },
        "http_req_waiting": {
            "min": 0.221958,
            "med": 0.8022145,
            "max": 64.350061,
            "p(90)": 3.5186342000000046,
            "p(95)": 14.2653682,
            "avg": 3.5703791166666647
        },
        "iterations": {
            "count": 300,
            "rate": 9.95519566133937
        },
        "vus": {
            "max": 10,
            "value": 10,
            "min": 10
        },
        "http_req_sending": {
            "avg": 0.01625731999999999,
            "min": 0.00276,
            "med": 0.011153,
            "max": 0.210495,
            "p(90)": 0.0309381,
            "p(95)": 0.043171850000000025
        },
        "http_reqs": {
            "count": 300,
            "rate": 9.95519566133937
        },
        "http_req_receiving": {
            "max": 0.20182,
            "p(90)": 0.068732,
            "p(95)": 0.08463870000000001,
            "avg": 0.037806376666666655,
            "min": 0.005795,
            "med": 0.0302115
        },
        "http_req_duration": {
            "min": 0.243001,
            "med": 0.852611,
            "max": 64.400645,
            "p(90)": 3.569047200000007,
            "p(95)": 14.29260085,
            "avg": 3.624442813333333
        },
        "data_sent": {
            "count": 22200,
            "rate": 736.6844789391134
        },
        "http_req_blocked": {
            "avg": 0.012836163333333327,
            "min": 0.001085,
            "med": 0.0040160000000000005,
            "max": 0.269532,
            "p(90)": 0.010772900000000016,
            "p(95)": 0.016283750000000024
        },
        "checks": {
            "passes": 300,
            "fails": 0,
            "value": 1
        },
        "iteration_duration": {
            "p(95)": 1014.4579334,
            "avg": 1004.1939629800013,
            "min": 1000.44204,
            "med": 1001.470305,
            "max": 1065.587129,
            "p(90)": 1003.9262937999999
        }
    }
}